WKT,Layer,Provinsi,Nama,Jenis,Alamat,Latitude,Longitude
"POINT (109.5464394 -7.4417185)",Jawa Tengah,Jawa Tengah,Kabupaten Banjarnegara,Kabupaten,Kabupaten Banjarnegara, Jawa Tengah, Indonesia,-7.4417185,109.5464394
"POINT (109.16161385066222 -7.441262294315424)",Jawa Tengah,Jawa Tengah,Kabupaten Banyumas,Kabupaten,Kabupaten Banyumas, Jawa Tengah, Indonesia,-7.441262294315424,109.16161385066222
"POINT (109.7339289 -6.9062225)",Jawa Tengah,Jawa Tengah,Kabupaten Batang,Kabupaten,Kabupaten Batang, Jawa Tengah, Indonesia,-6.9062225,109.7339289
"POINT (111.4188842 -6.9684783)",Jawa Tengah,Jawa Tengah,Kabupaten Blora,Kabupaten,Kabupaten Blora, Jawa Tengah, Indonesia,-6.9684783,111.4188842
"POINT (110.5935627 -7.5166405)",Jawa Tengah,Jawa Tengah,Kabupaten Boyolali,Kabupaten,Kabupaten Boyolali, Jawa Tengah, Indonesia,-7.5166405,110.5935627
"POINT (109.0406237 -6.8621643)",Jawa Tengah,Jawa Tengah,Kabupaten Brebes,Kabupaten,Kabupaten Brebes, Jawa Tengah, Indonesia,-6.8621643,109.0406237
"POINT (109.0234812 -7.6979214)",Jawa Tengah,Jawa Tengah,Kabupaten Cilacap,Kabupaten,Kabupaten Cilacap, Jawa Tengah, Indonesia,-7.6979214,109.0234812
"POINT (110.6378542 -6.8919598)",Jawa Tengah,Jawa Tengah,Kabupaten Demak,Kabupaten,Kabupaten Demak, Jawa Tengah, Indonesia,-6.8919598,110.6378542
"POINT (110.90234760442178 -7.116284718190116)",Jawa Tengah,Jawa Tengah,Kabupaten Grobogan,Kabupaten,Kabupaten Grobogan, Jawa Tengah, Indonesia,-7.116284718190116,110.90234760442178
"POINT (110.6792697 -6.5799388)",Jawa Tengah,Jawa Tengah,Kabupaten Jepara,Kabupaten,Kabupaten Jepara, Jawa Tengah, Indonesia,-6.5799388,110.6792697
"POINT (110.9862205 -7.6064658)",Jawa Tengah,Jawa Tengah,Kabupaten Karanganyar,Kabupaten,Kabupaten Karanganyar, Jawa Tengah, Indonesia,-7.6064658,110.9862205
"POINT (109.6608147 -7.6705104)",Jawa Tengah,Jawa Tengah,Kabupaten Kebumen,Kabupaten,Kabupaten Kebumen, Jawa Tengah, Indonesia,-7.6705104,109.6608147
"POINT (110.2027466 -6.931247)",Jawa Tengah,Jawa Tengah,Kabupaten Kendal,Kabupaten,Kabupaten Kendal, Jawa Tengah, Indonesia,-6.931247,110.2027466
"POINT (110.6642086 -7.739358)",Jawa Tengah,Jawa Tengah,Kabupaten Klaten,Kabupaten,Kabupaten Klaten, Jawa Tengah, Indonesia,-7.739358,110.6642086
"POINT (110.8412875 -6.8064488)",Jawa Tengah,Jawa Tengah,Kabupaten Kudus,Kabupaten,Kabupaten Kudus, Jawa Tengah, Indonesia,-6.8064488,110.8412875
"POINT (110.25017053706527 -7.495742986805523)",Jawa Tengah,Jawa Tengah,Kabupaten Magelang,Kabupaten,Kabupaten Magelang, Jawa Tengah, Indonesia,-7.495742986805523,110.25017053706527
"POINT (111.0380259 -6.7478691)",Jawa Tengah,Jawa Tengah,Kabupaten Pati,Kabupaten,Kabupaten Pati, Jawa Tengah, Indonesia,-6.7478691,111.0380259
"POINT (109.62724487380008 -7.045853685941802)",Jawa Tengah,Jawa Tengah,Kabupaten Pekalongan,Kabupaten,Kabupaten Pekalongan, Jawa Tengah, Indonesia,-7.045853685941802,109.62724487380008
"POINT (109.3803683 -6.8895282)",Jawa Tengah,Jawa Tengah,Kabupaten Pemalang,Kabupaten,Kabupaten Pemalang, Jawa Tengah, Indonesia,-6.8895282,109.3803683
"POINT (109.3606866 -7.3851483)",Jawa Tengah,Jawa Tengah,Kabupaten Purbalingga,Kabupaten,Kabupaten Purbalingga, Jawa Tengah, Indonesia,-7.3851483,109.3606866
"POINT (110.0093992 -7.7124666)",Jawa Tengah,Jawa Tengah,Kabupaten Purworejo,Kabupaten,Kabupaten Purworejo, Jawa Tengah, Indonesia,-7.7124666,110.0093992
"POINT (111.3412016 -6.7088066)",Jawa Tengah,Jawa Tengah,Kabupaten Rembang,Kabupaten,Kabupaten Rembang, Jawa Tengah, Indonesia,-6.7088066,111.3412016
"POINT (110.47436908797957 -7.2617904692641755)",Jawa Tengah,Jawa Tengah,Kabupaten Semarang,Kabupaten,Kabupaten Semarang, Jawa Tengah, Indonesia,-7.2617904692641755,110.47436908797957
"POINT (111.0224032 -7.4177439)",Jawa Tengah,Jawa Tengah,Kabupaten Sragen,Kabupaten,Kabupaten Sragen, Jawa Tengah, Indonesia,-7.4177439,111.0224032
"POINT (110.8322752 -7.68)",Jawa Tengah,Jawa Tengah,Kabupaten Sukoharjo,Kabupaten,Kabupaten Sukoharjo, Jawa Tengah, Indonesia,-7.68,110.8322752
"POINT (109.15857031940006 -7.017547106193712)",Jawa Tengah,Jawa Tengah,Kabupaten Tegal,Kabupaten,Kabupaten Tegal, Jawa Tengah, Indonesia,-7.017547106193712,109.15857031940006
"POINT (110.1748065 -7.3152326)",Jawa Tengah,Jawa Tengah,Kabupaten Temanggung,Kabupaten,Kabupaten Temanggung, Jawa Tengah, Indonesia,-7.3152326,110.1748065
"POINT (110.9387111 -7.7967003)",Jawa Tengah,Jawa Tengah,Kabupaten Wonogiri,Kabupaten,Kabupaten Wonogiri, Jawa Tengah, Indonesia,-7.7967003,110.9387111
"POINT (109.8979401 -7.3673206)",Jawa Tengah,Jawa Tengah,Kabupaten Wonosobo,Kabupaten,Kabupaten Wonosobo, Jawa Tengah, Indonesia,-7.3673206,109.8979401
"POINT (110.2177 -7.4797)",Jawa Tengah,Jawa Tengah,Kota Magelang,Kota,Kota Magelang, Jawa Tengah, Indonesia,-7.4797,110.2177
"POINT (109.6753 -6.8886)",Jawa Tengah,Jawa Tengah,Kota Pekalongan,Kota,Kota Pekalongan, Jawa Tengah, Indonesia,-6.8886,109.6753
"POINT (110.5085717 -7.3294784)",Jawa Tengah,Jawa Tengah,Kota Salatiga,Kota,Kota Salatiga, Jawa Tengah, Indonesia,-7.3294784,110.5085717
"POINT (110.4098287 -6.9836582)",Jawa Tengah,Jawa Tengah,Kota Semarang,Kota,Kota Semarang, Jawa Tengah, Indonesia,-6.9836582,110.4098287
"POINT (110.8243 -7.5737983)",Jawa Tengah,Jawa Tengah,Kota Surakarta,Kota,Kota Surakarta, Jawa Tengah, Indonesia,-7.5737983,110.8243
"POINT (109.1259433 -6.8791887)",Jawa Tengah,Jawa Tengah,Kota Tegal,Kota,Kota Tegal, Jawa Tengah, Indonesia,-6.8791887,109.1259433
